20.402,1573003080000,0
20.375,1573003140000,0
20.332,1573003200000,0
20.431,1573003260000,0
20.444,1573003320000,0
20.332,1573003380000,0
20.247,1573003440000,0
20.276,1573003500000,0
20.191,1573003560000,0
20.233,1573003620000,0
20.276,1573003680000,0
20.346,1573003740000,0
20.332,1573003800000,0
20.359,1573003860000,0
20.332,1573003920000,0
20.359,1573003980000,0
20.388,1573004040000,0
20.388,1573004100000,0
20.402,1573004160000,0
20.431,1573004220000,0
20.359,1573004280000,0
20.359,1573004340000,0
20.375,1573004400000,0
20.346,1573004460000,0
20.346,1573004520000,0
20.303,1573004580000,0
20.388,1573004640000,0
20.402,1573004700000,0
20.458,1573004760000,0
20.388,1573004820000,0
20.415,1573004880000,0
20.415,1573004940000,0
20.444,1573005000000,0
20.388,1573005060000,0
20.415,1573005120000,0
20.431,1573005180000,0
20.388,1573005240000,0
20.415,1573005300000,0
20.444,1573005360000,0
20.402,1573005420000,0
20.431,1573005480000,0
20.375,1573005540000,0
20.415,1573005600000,0
20.458,1573005660000,0
20.402,1573005720000,0
20.29,1573005780000,0
20.359,1573005840000,0
20.415,1573005900000,0
20.402,1573005960000,0
20.415,1573006020000,0
20.346,1573006080000,0
20.332,1573006140000,0
20.332,1573006200000,0
20.346,1573006260000,0
20.375,1573006320000,0
20.359,1573006380000,0
20.359,1573006440000,0
20.303,1573006500000,0
20.346,1573006560000,0
20.346,1573006620000,0
20.332,1573006680000,0
20.375,1573006740000,0
20.332,1573006800000,0
20.375,1573006860000,0
20.388,1573006920000,0
20.332,1573006980000,0
20.263,1573007040000,0
20.319,1573007100000,0
20.303,1573007160000,0
20.303,1573007220000,0
20.346,1573007280000,0
20.29,1573007340000,0
20.29,1573007400000,0
20.303,1573007460000,0
20.303,1573007520000,0
20.303,1573007580000,0
20.29,1573007640000,0
20.263,1573007700000,0
20.276,1573007760000,0
20.263,1573007820000,0
20.233,1573007880000,0
20.247,1573007940000,0
20.263,1573008000000,0
20.22,1573008060000,0
20.22,1573008120000,0
20.207,1573008180000,0
20.233,1573008240000,0
20.164,1573008300000,0
20.207,1573008360000,0
20.121,1573008420000,0
20.135,1573008480000,0
20.121,1573008540000,0
20.164,1573008600000,0
20.148,1573008660000,0
20.135,1573008720000,0
20.108,1573008780000,0
20.092,1573008840000,0
19.67,1573008900000,0
19.499,1573008960000,0
19.726,1573009020000,0
19.782,1573009080000,0
19.894,1573009140000,0
19.865,1573009200000,0
19.908,1573009260000,0
19.865,1573009320000,0
19.878,1573009380000,0
19.865,1573009440000,0
19.878,1573009500000,0
19.908,1573009560000,0
19.852,1573009620000,0
19.838,1573009680000,0
19.838,1573009740000,0
19.852,1573009800000,0
19.809,1573009860000,0
19.809,1573009920000,0
19.838,1573009980000,0
19.766,1573010040000,0
19.766,1573010100000,0
19.739,1573010160000,0
19.753,1573010220000,0
19.683,1573010280000,0
19.71,1573010340000,0
19.739,1573010400000,0
19.697,1573010460000,0
19.753,1573010520000,0
19.697,1573010580000,0
19.683,1573010640000,0
19.67,1573010700000,0
19.641,1573010760000,0
19.614,1573010820000,0
19.614,1573010880000,0
19.585,1573010940000,0
19.528,1573011000000,0
19.528,1573011060000,0
19.542,1573011120000,0
19.499,1573011180000,0
19.528,1573011240000,0
19.515,1573011300000,0
19.499,1573011360000,0
19.43,1573011420000,0
19.374,1573011480000,0
19.36,1573011540000,0
19.387,1573011600000,0
19.403,1573011660000,0
19.347,1573011720000,0
19.318,1573011780000,0
19.304,1573011840000,0
19.347,1573011900000,0
19.261,1573011960000,0
19.261,1573012020000,0
19.235,1573012080000,0
19.219,1573012140000,0
19.173,1573012200000,0
19.173,1573012260000,0
19.16,1573012320000,0
19.104,1573012380000,0
19.077,1573012440000,0
19.104,1573012500000,0
19.061,1573012560000,0
19.061,1573012620000,0
19.061,1573012680000,0
19.034,1573012740000,0
19.077,1573012800000,0
18.992,1573012860000,0
18.992,1573012920000,0
18.978,1573012980000,0
18.978,1573013040000,0
18.893,1573013100000,0
18.922,1573013160000,0
18.909,1573013220000,0
18.88,1573013280000,0
18.88,1573013340000,0
18.866,1573013400000,0
18.866,1573013460000,0
18.866,1573013520000,0
18.853,1573013580000,0
18.824,1573013640000,0
18.781,1573013700000,0
18.767,1573013760000,0
18.781,1573013820000,0
18.738,1573013880000,0
18.767,1573013940000,0
18.738,1573014000000,0
18.698,1573014060000,0
18.655,1573014120000,0
18.655,1573014180000,0
18.655,1573014240000,0
18.626,1573014300000,0
18.599,1573014360000,0
18.613,1573014420000,0
18.57,1573014480000,0
18.543,1573014540000,0
18.586,1573014600000,0
18.5,1573014660000,0
18.5,1573014720000,0
18.514,1573014780000,0
18.5,1573014840000,0
18.415,1573014900000,0
18.444,1573014960000,0
18.444,1573015020000,0
18.444,1573015080000,0
18.431,1573015140000,0
18.415,1573015200000,0
18.372,1573015260000,0
18.372,1573015320000,0
18.33,1573015380000,0
18.33,1573015440000,0
18.316,1573015500000,0
18.273,1573015560000,0
18.26,1573015620000,0
18.217,1573015680000,0
18.188,1573015740000,0
18.204,1573015800000,0
18.161,1573015860000,0
18.175,1573015920000,0
18.188,1573015980000,0
18.145,1573016040000,0
18.105,1573016100000,0
18.132,1573016160000,0
18.089,1573016220000,0
18.076,1573016280000,0
18.089,1573016340000,0
18.089,1573016400000,0
18.049,1573016460000,0
18.033,1573016520000,0
17.993,1573016580000,0
17.964,1573016640000,0
18.006,1573016700000,0
17.977,1573016760000,0
17.95,1573016820000,0
17.937,1573016880000,0
17.921,1573016940000,0
17.894,1573017000000,0
17.95,1573017060000,0
17.865,1573017120000,0
17.852,1573017180000,0
17.838,1573017240000,0
17.822,1573017300000,0
17.795,1573017360000,0
17.838,1573017420000,0
17.809,1573017480000,0
17.809,1573017540000,0
17.766,1573017600000,0
17.739,1573017660000,0
17.753,1573017720000,0
17.753,1573017780000,0
17.753,1573017840000,0
17.726,1573017900000,0
17.726,1573017960000,0
17.726,1573018020000,0
17.697,1573018080000,0
17.697,1573018140000,0
17.697,1573018200000,0
17.654,1573018260000,0
17.654,1573018320000,0
17.627,1573018380000,0
17.614,1573018440000,0
17.598,1573018500000,0
17.598,1573018560000,0
17.627,1573018620000,0
17.582,1573018680000,0
17.582,1573018740000,0
17.582,1573018800000,0
17.582,1573018860000,0
17.539,1573018920000,0
17.526,1573018980000,0
17.499,1573019040000,0
17.499,1573019100000,0
17.499,1573019160000,0
17.526,1573019220000,0
17.499,1573019280000,0
17.456,1573019340000,0
17.443,1573019400000,0
17.443,1573019460000,0
17.443,1573019520000,0
17.414,1573019580000,0
17.384,1573019640000,0
17.371,1573019700000,0
17.4,1573019760000,0
17.384,1573019820000,0
17.384,1573019880000,0
17.384,1573019940000,0
17.358,1573020000000,0
17.358,1573020060000,0
17.328,1573020120000,0
17.301,1573020180000,0
17.328,1573020240000,0
17.288,1573020300000,0
17.232,1573020360000,0
17.272,1573020420000,0
17.272,1573020480000,0
17.216,1573020540000,0
17.216,1573020600000,0
17.245,1573020660000,0
17.232,1573020720000,0
17.216,1573020780000,0
17.216,1573020840000,0
17.216,1573020900000,0
17.203,1573020960000,0
17.203,1573021020000,0
17.203,1573021080000,0
17.189,1573021140000,0
17.16,1573021200000,0
17.176,1573021260000,0
17.176,1573021320000,0
17.147,1573021380000,0
17.147,1573021440000,0
17.104,1573021500000,0
17.104,1573021560000,0
17.104,1573021620000,0
17.09,1573021680000,0
17.104,1573021740000,0
17.133,1573021800000,0
17.09,1573021860000,0
17.048,1573021920000,0
17.077,1573021980000,0
17.061,1573022040000,0
17.077,1573022100000,0
17.061,1573022160000,0
17.048,1573022220000,0
17.077,1573022280000,0
17.021,1573022340000,0
17.005,1573022400000,0
16.992,1573022460000,0
16.978,1573022520000,0
16.978,1573022580000,0
16.936,1573022640000,0
16.965,1573022700000,0
16.949,1573022760000,0
16.965,1573022820000,0
16.949,1573022880000,0
16.922,1573022940000,0
16.936,1573023000000,0
16.922,1573023060000,0
16.909,1573023120000,0
16.909,1573023180000,0
16.922,1573023240000,0
16.922,1573023300000,0
16.893,1573023360000,0
16.853,1573023420000,0
16.837,1573023480000,0
16.866,1573023540000,0
16.853,1573023600000,0
16.853,1573023660000,0
16.823,1573023720000,0
16.807,1573023780000,0
16.807,1573023840000,0
16.778,1573023900000,0
16.794,1573023960000,0
16.778,1573024020000,0
16.765,1573024080000,0
16.765,1573024140000,0
16.765,1573024200000,0
16.778,1573024260000,0
16.735,1573024320000,0
16.765,1573024380000,0
16.735,1573024440000,0
16.709,1573024500000,0
16.695,1573024560000,0
16.709,1573024620000,0
16.722,1573024680000,0
16.695,1573024740000,0
16.679,1573024800000,0
16.666,1573024860000,0
16.679,1573024920000,0
16.666,1573024980000,0
16.666,1573025040000,0
16.666,1573025100000,0
16.639,1573025160000,0
16.653,1573025220000,0
16.583,1573025280000,0
16.61,1573025340000,0
16.583,1573025400000,0
16.554,1573025460000,0
16.554,1573025520000,0
16.54,1573025580000,0
16.527,1573025640000,0
16.54,1573025700000,0
16.54,1573025760000,0
16.484,1573025820000,0
16.498,1573025880000,0
16.498,1573025940000,0
16.471,1573026000000,0
16.498,1573026060000,0
16.511,1573026120000,0
16.484,1573026180000,0
16.428,1573026240000,0
16.372,1573026300000,0
16.3,1573026360000,0
16.273,1573026420000,0
16.287,1573026480000,0
16.26,1573026540000,0
16.244,1573026600000,0
16.217,1573026660000,0
16.204,1573026720000,0
16.217,1573026780000,0
16.188,1573026840000,0
16.204,1573026900000,0
16.231,1573026960000,0
16.204,1573027020000,0
16.148,1573027080000,0
16.175,1573027140000,0
16.161,1573027200000,0
16.118,1573027260000,0
16.161,1573027320000,0
16.132,1573027380000,0
16.132,1573027440000,0
16.132,1573027500000,0
16.161,1573027560000,0
16.148,1573027620000,0
16.118,1573027680000,0
16.118,1573027740000,0
16.105,1573027800000,0
16.148,1573027860000,0
16.062,1573027920000,0
16.105,1573027980000,0
16.062,1573028040000,0
16.092,1573028100000,0
16.076,1573028160000,0
16.076,1573028220000,0
16.062,1573028280000,0
16.062,1573028340000,0
16.076,1573028400000,0
16.017,1573028460000,0
16.049,1573028520000,0
16.004,1573028580000,0
16.033,1573028640000,0
16.033,1573028700000,0
16.004,1573028760000,0
16.004,1573028820000,0
16.004,1573028880000,0
15.974,1573028940000,0
15.961,1573029000000,0
15.961,1573029060000,0
15.974,1573029120000,0
15.974,1573029180000,0
15.961,1573029240000,0
15.961,1573029300000,0
15.934,1573029360000,0
15.974,1573029420000,0
15.961,1573029480000,0
15.974,1573029540000,0
15.934,1573029600000,0
15.961,1573029660000,0
15.948,1573029720000,0
15.948,1573029780000,0
15.918,1573029840000,0
15.934,1573029900000,0
15.918,1573029960000,0
15.918,1573030020000,0
15.905,1573030080000,0
15.892,1573030140000,0
15.892,1573030200000,0
15.905,1573030260000,0
15.892,1573030320000,0
15.918,1573030380000,0
15.862,1573030440000,0
15.862,1573030500000,0
15.878,1573030560000,0
15.862,1573030620000,0
15.862,1573030680000,0
15.862,1573030740000,0
15.849,1573030800000,0
15.849,1573030860000,0
15.849,1573030920000,0
15.849,1573030980000,0
15.822,1573031040000,0
15.849,1573031100000,0
15.835,1573031160000,0
15.806000000000001,1573031220000,0
15.806000000000001,1573031280000,0
15.793,1573031340000,0
15.822,1573031400000,0
15.793,1573031460000,0
15.779,1573031520000,0
15.779,1573031580000,0
15.793,1573031640000,0
15.793,1573031700000,0
15.766,1573031760000,0
15.75,1573031820000,0
15.723,1573031880000,0
15.737,1573031940000,0
15.723,1573032000000,0
15.723,1573032060000,0
15.707,1573032120000,0
15.75,1573032180000,0
15.723,1573032240000,0
15.707,1573032300000,0
15.75,1573032360000,0
15.723,1573032420000,0
15.737,1573032480000,0
15.723,1573032540000,0
15.707,1573032600000,0
15.707,1573032660000,0
15.737,1573032720000,0
15.707,1573032780000,0
15.694,1573032840000,0
15.694,1573032900000,0
15.681000000000001,1573032960000,0
15.651,1573033020000,0
15.651,1573033080000,0
15.667,1573033140000,0
15.667,1573033200000,0
15.681000000000001,1573033260000,0
15.638,1573033320000,0
15.611,1573033380000,0
15.624,1573033440000,0
15.624,1573033500000,0
15.638,1573033560000,0
15.638,1573033620000,0
15.611,1573033680000,0
15.611,1573033740000,0
15.611,1573033800000,0
15.638,1573033860000,0
15.582,1573033920000,0
15.582,1573033980000,0
15.582,1573034040000,0
15.624,1573034100000,0
15.582,1573034160000,0
15.539,1573034220000,0
15.555,1573034280000,0
15.582,1573034340000,0
15.568,1573034400000,0
15.555,1573034460000,0
15.555,1573034520000,0
15.582,1573034580000,0
15.568,1573034640000,0
15.568,1573034700000,0
15.555,1573034760000,0
15.555,1573034820000,0
15.512,1573034880000,0
15.555,1573034940000,0
15.512,1573035000000,0
15.483,1573035060000,0
15.499,1573035120000,0
15.512,1573035180000,0
15.512,1573035240000,0
15.47,1573035300000,0
15.483,1573035360000,0
15.499,1573035420000,0
15.456,1573035480000,0
15.47,1573035540000,0
15.47,1573035600000,0
15.47,1573035660000,0
15.456,1573035720000,0
15.47,1573035780000,0
15.47,1573035840000,0
15.483,1573035900000,0
15.47,1573035960000,0
15.443,1573036020000,0
15.456,1573036080000,0
15.427,1573036140000,0
15.414,1573036200000,0
15.443,1573036260000,0
15.443,1573036320000,0
15.427,1573036380000,0
15.47,1573036440000,0
15.443,1573036500000,0
15.443,1573036560000,0
15.443,1573036620000,0
15.427,1573036680000,0
15.414,1573036740000,0
15.427,1573036800000,0
15.384,1573036860000,0
15.4,1573036920000,0
15.371,1573036980000,0
15.357,1573037040000,0
15.384,1573037100000,0
15.414,1573037160000,0
15.4,1573037220000,0
15.371,1573037280000,0
15.4,1573037340000,0
15.357,1573037400000,0
15.371,1573037460000,0
15.384,1573037520000,0
15.357,1573037580000,0
15.371,1573037640000,0
15.357,1573037700000,0
15.384,1573037760000,0
15.357,1573037820000,0
15.328,1573037880000,0
15.357,1573037940000,0
15.357,1573038000000,0
15.328,1573038060000,0
15.357,1573038120000,0
15.328,1573038180000,0
15.344,1573038240000,0
15.328,1573038300000,0
15.301,1573038360000,0
15.344,1573038420000,0
15.315,1573038480000,0
15.288,1573038540000,0
15.344,1573038600000,0
15.344,1573038660000,0
15.328,1573038720000,0
15.344,1573038780000,0
15.328,1573038840000,0
15.272,1573038900000,0
15.301,1573038960000,0
15.301,1573039020000,0
15.315,1573039080000,0
15.288,1573039140000,0
15.259,1573039200000,0
15.272,1573039260000,0
15.288,1573039320000,0
15.288,1573039380000,0
15.272,1573039440000,0
15.288,1573039500000,0
15.288,1573039560000,0
15.288,1573039620000,0
15.272,1573039680000,0
15.301,1573039740000,0
15.272,1573039800000,0
15.272,1573039860000,0
15.243,1573039920000,0
15.272,1573039980000,0
15.243,1573040040000,0
15.259,1573040100000,0
15.272,1573040160000,0
15.259,1573040220000,0
15.243,1573040280000,0
15.243,1573040340000,0
15.229,1573040400000,0
15.259,1573040460000,0
15.229,1573040520000,0
15.243,1573040580000,0
15.2,1573040640000,0
15.2,1573040700000,0
15.213,1573040760000,0
15.2,1573040820000,0
15.213,1573040880000,0
15.2,1573040940000,0
15.187,1573041000000,0
15.173,1573041060000,0
15.157,1573041120000,0
15.187,1573041180000,0
15.213,1573041240000,0
15.213,1573041300000,0
15.2,1573041360000,0
15.173,1573041420000,0
15.157,1573041480000,0
15.157,1573041540000,0
15.157,1573041600000,0
15.187,1573041660000,0
15.187,1573041720000,0
15.144,1573041780000,0
15.144,1573041840000,0
15.157,1573041900000,0
15.144,1573041960000,0
15.144,1573042020000,0
15.144,1573042080000,0
15.157,1573042140000,0
15.13,1573042200000,0
15.117,1573042260000,0
15.117,1573042320000,0
15.117,1573042380000,0
15.088,1573042440000,0
15.144,1573042500000,0
15.117,1573042560000,0
15.13,1573042620000,0
15.117,1573042680000,0
15.117,1573042740000,0
15.101,1573042800000,0
15.117,1573042860000,0
15.117,1573042920000,0
15.101,1573042980000,0
15.101,1573043040000,0
15.088,1573043100000,0
15.074,1573043160000,0
15.045,1573043220000,0
15.088,1573043280000,0
15.074,1573043340000,0
15.074,1573043400000,0
15.018,1573043460000,0
15.058,1573043520000,0
15.032,1573043580000,0
15.032,1573043640000,0
15.074,1573043700000,0
15.058,1573043760000,0
15.058,1573043820000,0
15.032,1573043880000,0
15.032,1573043940000,0
15.032,1573044000000,0
15.045,1573044060000,0
15.045,1573044120000,0
15.058,1573044180000,0
15.058,1573044240000,0
15.032,1573044300000,0
15.032,1573044360000,0
15.018,1573044420000,0
15.045,1573044480000,0
15.045,1573044540000,0
15.018,1573044600000,0
15.018,1573044660000,0
15.045,1573044720000,0
15.018,1573044780000,0
15.002,1573044840000,0
15.045,1573044900000,0
15.032,1573044960000,0
15.018,1573045020000,0
15.002,1573045080000,0
15.018,1573045140000,0
15.045,1573045200000,0
15.018,1573045260000,0
15.002,1573045320000,0
15.018,1573045380000,0
15.002,1573045440000,0
15.002,1573045500000,0
15.018,1573045560000,0
15.002,1573045620000,0
14.975999999999999,1573045680000,0
14.975999999999999,1573045740000,0
14.975999999999999,1573045800000,0
15.002,1573045860000,0
14.975999999999999,1573045920000,0
14.975999999999999,1573045980000,0
14.989,1573046040000,0
14.989,1573046100000,0
14.946,1573046160000,0
14.962,1573046220000,0
14.962,1573046280000,0
14.946,1573046340000,0
14.946,1573046400000,0
14.962,1573046460000,0
14.975999999999999,1573046520000,0
14.946,1573046580000,0
14.975999999999999,1573046640000,0
14.933,1573046700000,0
14.933,1573046760000,0
14.933,1573046820000,0
14.933,1573046880000,0
14.933,1573046940000,0
14.933,1573047000000,0
14.946,1573047060000,0
14.946,1573047120000,0
14.933,1573047180000,0
14.906,1573047240000,0
14.89,1573047300000,0
14.933,1573047360000,0
14.92,1573047420000,0
14.906,1573047480000,0
14.92,1573047540000,0
14.946,1573047600000,0
14.906,1573047660000,0
14.906,1573047720000,0
14.863,1573047780000,0
14.92,1573047840000,0
14.906,1573047900000,0
14.89,1573047960000,0
14.89,1573048020000,0
14.877,1573048080000,0
14.89,1573048140000,0
14.89,1573048200000,0
14.906,1573048260000,0
14.89,1573048320000,0
14.863,1573048380000,0
14.89,1573048440000,0
14.877,1573048500000,0
14.89,1573048560000,0
14.834,1573048620000,0
14.877,1573048680000,0
14.89,1573048740000,0
14.89,1573048800000,0
14.877,1573048860000,0
14.89,1573048920000,0
14.877,1573048980000,0
14.85,1573049040000,0
14.89,1573049100000,0
14.863,1573049160000,0
14.863,1573049220000,0
14.863,1573049280000,0
14.863,1573049340000,0
14.877,1573049400000,0
14.834,1573049460000,0
14.863,1573049520000,0
14.85,1573049580000,0
14.85,1573049640000,0
14.821,1573049700000,0
14.807,1573049760000,0
14.834,1573049820000,0
14.834,1573049880000,0
14.821,1573049940000,0
14.834,1573050000000,0
14.821,1573050060000,0
14.794,1573050120000,0
14.821,1573050180000,0
14.834,1573050240000,0
14.807,1573050300000,0
14.794,1573050360000,0
14.794,1573050420000,0
14.807,1573050480000,0
14.794,1573050540000,0
14.807,1573050600000,0
14.807,1573050660000,0
14.821,1573050720000,0
14.821,1573050780000,0
14.807,1573050840000,0
14.807,1573050900000,0
14.807,1573050960000,0
14.807,1573051020000,0
14.794,1573051080000,0
14.807,1573051140000,0
14.794,1573051200000,0
14.821,1573051260000,0
14.765,1573051320000,0
14.778,1573051380000,0
14.765,1573051440000,0
14.794,1573051500000,0
14.778,1573051560000,0
14.807,1573051620000,0
14.765,1573051680000,0
14.778,1573051740000,0
14.778,1573051800000,0
14.765,1573051860000,0
14.778,1573051920000,0
14.765,1573051980000,0
14.765,1573052040000,0
14.751,1573052100000,0
14.778,1573052160000,0
14.738,1573052220000,0
14.738,1573052280000,0
14.751,1573052340000,0
14.765,1573052400000,0
14.751,1573052460000,0
14.751,1573052520000,0
14.765,1573052580000,0
14.738,1573052640000,0
14.738,1573052700000,0
14.778,1573052760000,0
14.778,1573052820000,0
14.751,1573052880000,0
14.778,1573052940000,0
14.738,1573053000000,0
14.751,1573053060000,0
14.765,1573053120000,0
14.738,1573053180000,0
14.738,1573053240000,0
14.751,1573053300000,0
14.738,1573053360000,0
14.738,1573053420000,0
14.751,1573053480000,0
14.722,1573053540000,0
14.722,1573053600000,0
14.695,1573053660000,0
14.709,1573053720000,0
14.722,1573053780000,0
14.722,1573053840000,0
14.709,1573053900000,0
14.709,1573053960000,0
14.738,1573054020000,0
14.695,1573054080000,0
14.709,1573054140000,0
14.666,1573054200000,0
14.722,1573054260000,0
14.778,1573054320000,0
14.778,1573054380000,0
14.794,1573054440000,0
14.807,1573054500000,0
14.778,1573054560000,0
14.794,1573054620000,0
14.794,1573054680000,0
14.807,1573054740000,0
14.807,1573054800000,0
14.807,1573054860000,0
14.807,1573054920000,0
14.821,1573054980000,0
14.89,1573055040000,0
14.85,1573055100000,0
14.863,1573055160000,0
14.877,1573055220000,0
14.863,1573055280000,0
14.877,1573055340000,0
14.877,1573055400000,0
14.877,1573055460000,0
14.906,1573055520000,0
14.807,1573055580000,0
14.89,1573055640000,0
14.89,1573055700000,0
14.92,1573055760000,0
14.92,1573055820000,0
14.946,1573055880000,0
14.933,1573055940000,0
14.906,1573056000000,0
14.906,1573056060000,0
14.906,1573056120000,0
14.933,1573056180000,0
14.962,1573056240000,0
14.946,1573056300000,0
14.933,1573056360000,0
14.946,1573056420000,0
14.946,1573056480000,0
14.933,1573056540000,0
14.962,1573056600000,0
14.962,1573056660000,0
14.962,1573056720000,0
14.975999999999999,1573056780000,0
14.989,1573056840000,0
14.946,1573056900000,0
14.962,1573056960000,0
14.946,1573057020000,0
14.962,1573057080000,0
14.962,1573057140000,0
14.946,1573057200000,0
14.975999999999999,1573057260000,0
14.946,1573057320000,0
15.002,1573057380000,0
14.962,1573057440000,0
14.975999999999999,1573057500000,0
14.975999999999999,1573057560000,0
14.962,1573057620000,0
14.975999999999999,1573057680000,0
15.018,1573057740000,0
14.989,1573057800000,0
14.989,1573057860000,0
14.989,1573057920000,0
14.975999999999999,1573057980000,0
14.962,1573058040000,0
14.989,1573058100000,0
14.989,1573058160000,0
14.975999999999999,1573058220000,0
15.018,1573058280000,0
14.933,1573058340000,0
14.989,1573058400000,0
14.946,1573058460000,0
14.989,1573058520000,0
14.85,1573058580000,0
14.834,1573058640000,0
14.821,1573058700000,0
14.906,1573058760000,0
14.877,1573058820000,0
14.933,1573058880000,0
14.933,1573058940000,0
14.933,1573059000000,0
14.933,1573059060000,0
14.975999999999999,1573059120000,0
15.032,1573059180000,0
15.045,1573059240000,0
15.088,1573059300000,0
15.101,1573059360000,0
15.157,1573059420000,0
15.144,1573059480000,0
15.213,1573059540000,0
15.229,1573059600000,0
15.288,1573059660000,0
15.344,1573059720000,0
15.4,1573059780000,0
15.456,1573059840000,0
15.499,1573059900000,0
15.555,1573059960000,0
15.611,1573060020000,0
15.681000000000001,1573060080000,0
15.707,1573060140000,0
15.779,1573060200000,0
15.835,1573060260000,0
15.892,1573060320000,0
15.934,1573060380000,0
16.004,1573060440000,0
16.062,1573060500000,0
16.105,1573060560000,0
16.132,1573060620000,0
16.204,1573060680000,0
16.204,1573060740000,0
16.244,1573060800000,0
16.287,1573060860000,0
16.484,1573060920000,0
16.751,1573060980000,0
17.021,1573061040000,0
17.117,1573061100000,0
17.245,1573061160000,0
17.301,1573061220000,0
17.598,1573061280000,0
17.627,1573061340000,0
17.739,1573061400000,0
17.795,1573061460000,0
17.881,1573061520000,0
17.977,1573061580000,0
18.062,1573061640000,0
18.089,1573061700000,0
18.204,1573061760000,0
18.188,1573061820000,0
18.244,1573061880000,0
18.26,1573061940000,0
18.204,1573062000000,0
18.556,1573062060000,0
18.599,1573062120000,0
18.57,1573062180000,0
18.586,1573062240000,0
18.57,1573062300000,0
18.613,1573062360000,0
18.655,1573062420000,0
18.669,1573062480000,0
18.669,1573062540000,0
18.711,1573062600000,0
18.655,1573062660000,0
18.655,1573062720000,0
18.698,1573062780000,0
18.669,1573062840000,0
18.725,1573062900000,0
18.754,1573062960000,0
18.767,1573063020000,0
18.725,1573063080000,0
18.754,1573063140000,0
18.725,1573063200000,0
19.104,1573063260000,0
18.922,1573063320000,0
18.866,1573063380000,0
19.104,1573063440000,0
18.978,1573063500000,0
18.936,1573063560000,0
19.077,1573063620000,0
19.061,1573063680000,0
18.949,1573063740000,0
19.048,1573063800000,0
18.992,1573063860000,0
18.949,1573063920000,0
18.992,1573063980000,0
18.978,1573064040000,0
18.909,1573064100000,0
18.949,1573064160000,0
18.949,1573064220000,0
19.034,1573064280000,0
18.992,1573064340000,0
19.147,1573064400000,0
18.754,1573064460000,0
18.978,1573064520000,0
18.936,1573064580000,0
18.893,1573064640000,0
18.949,1573064700000,0
19.104,1573064760000,0
19.147,1573064820000,0
19.117,1573064880000,0
19.133,1573064940000,0
19.173,1573065000000,0
19.133,1573065060000,0
19.235,1573065120000,0
19.117,1573065180000,0
19.235,1573065240000,0
19.219,1573065300000,0
19.275,1573065360000,0
19.235,1573065420000,0
19.318,1573065480000,0
19.275,1573065540000,0
19.347,1573065600000,0
19.275,1573065660000,0
19.304,1573065720000,0
19.304,1573065780000,0
19.318,1573065840000,0
19.347,1573065900000,0
19.36,1573065960000,0
19.374,1573066020000,0
19.374,1573066080000,0
19.318,1573066140000,0
19.347,1573066200000,0
19.416,1573066260000,0
19.347,1573066320000,0
19.36,1573066380000,0
19.443,1573066440000,0
19.416,1573066500000,0
19.472,1573066560000,0
19.499,1573066620000,0
19.499,1573066680000,0
19.627,1573066740000,0
19.443,1573066800000,0
19.852,1573066860000,0
19.598,1573066920000,0
19.558,1573066980000,0
19.782,1573067040000,0
19.726,1573067100000,0
19.67,1573067160000,0
19.585,1573067220000,0
19.838,1573067280000,0
19.838,1573067340000,0
19.921,1573067400000,0
19.953,1573067460000,0
20.023,1573067520000,0
20.164,1573067580000,0
19.838,1573067640000,0
20.036,1573067700000,0
20.22,1573067760000,0
20.303,1573067820000,0
20.375,1573067880000,0
20.487,1573067940000,0
20.57,1573068000000,0
20.586,1573068060000,0
20.727,1573068120000,0
20.727,1573068180000,0
20.671,1573068240000,0
20.701,1573068300000,0
20.757,1573068360000,0
20.757,1573068420000,0
20.813,1573068480000,0
20.826,1573068540000,0
20.925,1573068600000,0
20.968,1573068660000,0
20.981,1573068720000,0
20.995,1573068780000,0
21.037,1573068840000,0
21.08,1573068900000,0
21.107,1573068960000,0
21.149,1573069020000,0
21.192,1573069080000,0
21.278,1573069140000,0
21.278,1573069200000,0
21.334,1573069260000,0
21.334,1573069320000,0
21.363,1573069380000,0
21.363,1573069440000,0
21.363,1573069500000,0
21.35,1573069560000,0
21.363,1573069620000,0
21.502,1573069680000,0
21.643,1573069740000,0
21.713,1573069800000,0
21.531,1573069860000,0
21.545,1573069920000,0
21.558,1573069980000,0
21.475,1573070040000,0
21.574,1573070100000,0
21.574,1573070160000,0
21.545,1573070220000,0
21.587,1573070280000,0
21.518,1573070340000,0
21.558,1573070400000,0
21.558,1573070460000,0
21.574,1573070520000,0
21.574,1573070580000,0
21.63,1573070640000,0
21.601,1573070700000,0
21.601,1573070760000,0
21.545,1573070820000,0
21.545,1573070880000,0
21.558,1573070940000,0
21.502,1573071000000,0
21.587,1573071060000,0
21.63,1573071120000,0
21.63,1573071180000,0
21.699,1573071240000,0
21.729,1573071300000,0
21.756,1573071360000,0
21.657,1573071420000,0
21.657,1573071480000,0
21.643,1573071540000,0
21.617,1573071600000,0
21.63,1573071660000,0
21.713,1573071720000,0
21.673000000000002,1573071780000,0
21.785,1573071840000,0
21.093,1573071900000,0
21.643,1573071960000,0
21.462,1573072020000,0
21.713,1573072080000,0
21.798000000000002,1573072140000,0
21.657,1573072200000,0
21.699,1573072260000,0
21.63,1573072320000,0
21.558,1573072380000,0
21.462,1573072440000,0
21.601,1573072500000,0
21.617,1573072560000,0
21.587,1573072620000,0
21.601,1573072680000,0
21.63,1573072740000,0
21.643,1573072800000,0
21.699,1573072860000,0
21.841,1573072920000,0
21.812,1573072980000,0
21.825,1573073040000,0
21.868,1573073100000,0
21.913,1573073160000,0
22.012,1573073220000,0
22.012,1573073280000,0
22.137,1573073340000,0
22.223,1573073400000,0
22.207,1573073460000,0
22.279,1573073520000,0
22.306,1573073580000,0
22.378,1573073640000,0
22.391,1573073700000,0
22.493,1573073760000,0
22.493,1573073820000,0
22.618,1573073880000,0
22.647,1573073940000,0
22.674,1573074000000,0
22.674,1573074060000,0
22.8,1573074120000,0
22.704,1573074180000,0
22.898,1573074240000,0
22.829,1573074300000,0
22.704,1573074360000,0
22.744,1573074420000,0
22.872,1573074480000,0
22.872,1573074540000,0
22.816,1573074600000,0
22.76,1573074660000,0
22.717,1573074720000,0
22.842,1573074780000,0
22.773,1573074840000,0
22.744,1573074900000,0
22.885,1573074960000,0
22.984,1573075020000,0
22.898,1573075080000,0
22.856,1573075140000,0
22.786,1573075200000,0
22.885,1573075260000,0
22.829,1573075320000,0
22.687,1573075380000,0
22.816,1573075440000,0
22.786,1573075500000,0
22.786,1573075560000,0
22.8,1573075620000,0
22.842,1573075680000,0
22.872,1573075740000,0
22.912,1573075800000,0
22.687,1573075860000,0
22.647,1573075920000,0
22.661,1573075980000,0
22.842,1573076040000,0
22.717,1573076100000,0
22.76,1573076160000,0
22.941,1573076220000,0
22.631,1573076280000,0
22.687,1573076340000,0
22.674,1573076400000,0
22.76,1573076460000,0
22.589,1573076520000,0
22.76,1573076580000,0
22.76,1573076640000,0
22.898,1573076700000,0
23.011,1573076760000,0
23.027,1573076820000,0
22.898,1573076880000,0
22.872,1573076940000,0
22.912,1573077000000,0
22.687,1573077060000,0
22.941,1573077120000,0
22.872,1573077180000,0
22.8,1573077240000,0
23.04,1573077300000,0
22.955,1573077360000,0
22.912,1573077420000,0
22.941,1573077480000,0
22.744,1573077540000,0
22.674,1573077600000,0
22.898,1573077660000,0
22.8,1573077720000,0
22.73,1573077780000,0
22.816,1573077840000,0
22.773,1573077900000,0
22.829,1573077960000,0
22.76,1573078020000,0
22.872,1573078080000,0
22.8,1573078140000,0
22.898,1573078200000,0
22.955,1573078260000,0
22.885,1573078320000,0
23.04,1573078380000,0
22.829,1573078440000,0
22.842,1573078500000,0
22.885,1573078560000,0
22.8,1573078620000,0
22.885,1573078680000,0
22.885,1573078740000,0
22.816,1573078800000,0
22.885,1573078860000,0
22.898,1573078920000,0
22.971,1573078980000,0
23.011,1573079040000,0
22.984,1573079100000,0
22.997,1573079160000,0
22.971,1573079220000,0
22.73,1573079280000,0
22.137,1573079340000,0
21.868,1573079400000,0
22.068,1573079460000,0
22.124,1573079520000,0
22.306,1573079580000,0
22.263,1573079640000,0
22.322,1573079700000,0
22.461,1573079760000,0
22.322,1573079820000,0
22.461,1573079880000,0
22.506,1573079940000,0
22.647,1573080000000,0
22.549,1573080060000,0
22.493,1573080120000,0
22.549,1573080180000,0
22.493,1573080240000,0
22.506,1573080300000,0
22.562,1573080360000,0
22.533,1573080420000,0
22.533,1573080480000,0
22.434,1573080540000,0
22.418,1573080600000,0
22.589,1573080660000,0
22.493,1573080720000,0
22.605,1573080780000,0
22.493,1573080840000,0
22.506,1573080900000,0
22.348,1573080960000,0
22.223,1573081020000,0
22.378,1573081080000,0
22.124,1573081140000,0
22.549,1573081200000,0
22.378,1573081260000,0
22.322,1573081320000,0
22.391,1573081380000,0
22.279,1573081440000,0
22.335,1573081500000,0
22.335,1573081560000,0
22.378,1573081620000,0
22.348,1573081680000,0
22.378,1573081740000,0
22.461,1573081800000,0
22.605,1573081860000,0
22.533,1573081920000,0
22.434,1573081980000,0
22.704,1573082040000,0
22.562,1573082100000,0
22.618,1573082160000,0
22.493,1573082220000,0
22.549,1573082280000,0
22.506,1573082340000,0
22.506,1573082400000,0
22.519,1573082460000,0
22.461,1573082520000,0
22.506,1573082580000,0
22.549,1573082640000,0
22.717,1573082700000,0
22.661,1573082760000,0
22.73,1573082820000,0
22.647,1573082880000,0
22.661,1573082940000,0
22.647,1573083000000,0
22.704,1573083060000,0
22.674,1573083120000,0
22.687,1573083180000,0
22.76,1573083240000,0
22.842,1573083300000,0
22.687,1573083360000,0
22.717,1573083420000,0
22.8,1573083480000,0
22.76,1573083540000,0
22.76,1573083600000,0
22.829,1573083660000,0
22.8,1573083720000,0
22.786,1573083780000,0
22.744,1573083840000,0
22.842,1573083900000,0
22.786,1573083960000,0
22.674,1573084020000,0
22.744,1573084080000,0
22.647,1573084140000,0
23.112,1573084200000,0
22.885,1573084260000,0
22.885,1573084320000,0
22.842,1573084380000,0
22.786,1573084440000,0
22.661,1573084500000,0
22.687,1573084560000,0
22.519,1573084620000,0
22.744,1573084680000,0
22.674,1573084740000,0
22.661,1573084800000,0
22.717,1573084860000,0
22.816,1573084920000,0
22.856,1573084980000,0
22.687,1573085040000,0
22.704,1573085100000,0
22.73,1573085160000,0
22.717,1573085220000,0
22.786,1573085280000,0
22.786,1573085340000,0
22.73,1573085400000,0
22.816,1573085460000,0
22.856,1573085520000,0
22.744,1573085580000,0
22.912,1573085640000,0
22.829,1573085700000,0
22.829,1573085760000,0
22.786,1573085820000,0
22.829,1573085880000,0
22.687,1573085940000,0
22.744,1573086000000,0
22.674,1573086060000,0
22.8,1573086120000,0
22.8,1573086180000,0
22.872,1573086240000,0
22.8,1573086300000,0
22.829,1573086360000,0
22.856,1573086420000,0
22.856,1573086480000,0
22.605,1573086540000,0
22.549,1573086600000,0
22.447,1573086660000,0
22.631,1573086720000,0
22.717,1573086780000,0
22.575,1573086840000,0
22.8,1573086900000,0
22.744,1573086960000,0
22.674,1573087020000,0
22.76,1573087080000,0
22.872,1573087140000,0
22.73,1573087200000,0
22.872,1573087260000,0
22.8,1573087320000,0
22.816,1573087380000,0
22.73,1573087440000,0
22.8,1573087500000,0
22.941,1573087560000,0
22.704,1573087620000,0
22.704,1573087680000,0
22.744,1573087740000,0
22.816,1573087800000,0
22.842,1573087860000,0
22.816,1573087920000,0
22.786,1573087980000,0
22.786,1573088040000,0
22.898,1573088100000,0
22.589,1573088160000,0
22.856,1573088220000,0
22.816,1573088280000,0
22.773,1573088340000,0
22.73,1573088400000,0
22.744,1573088460000,0
22.928,1573088520000,0
22.816,1573088580000,0
22.8,1573088640000,0
22.872,1573088700000,0
22.955,1573088760000,0
22.885,1573088820000,0
22.829,1573088880000,0
22.872,1573088940000,0
22.856,1573089000000,0
22.773,1573089060000,0
22.773,1573089120000,0
22.661,1573089180000,0
22.575,1573089240000,0
22.493,1573089300000,0
22.589,1573089360000,0
22.549,1573089420000,0
22.461,1573089480000,0
22.461,1573089540000,0
22.404,1573089600000,0
22.418,1573089660000,0
22.474,1573089720000,0
22.447,1573089780000,0
22.362,1573089840000,0
22.461,1573089900000,0
22.418,1573089960000,0
22.533,1573090020000,0
22.704,1573090080000,0
22.647,1573090140000,0
22.575,1573090200000,0
22.704,1573090260000,0
22.575,1573090320000,0
22.493,1573090380000,0
22.506,1573090440000,0
22.618,1573090500000,0
22.519,1573090560000,0
22.575,1573090620000,0
22.73,1573090680000,0
22.631,1573090740000,0
22.631,1573090800000,0
22.575,1573090860000,0
22.661,1573090920000,0
22.618,1573090980000,0
22.647,1573091040000,0
22.687,1573091100000,0
22.674,1573091160000,0
22.704,1573091220000,0
22.605,1573091280000,0
22.589,1573091340000,0
22.661,1573091400000,0
22.618,1573091460000,0
22.717,1573091520000,0
22.631,1573091580000,0
22.647,1573091640000,0
22.647,1573091700000,0
22.674,1573091760000,0
22.786,1573091820000,0
22.8,1573091880000,0
22.816,1573091940000,0
22.8,1573092000000,0
22.955,1573092060000,0
22.872,1573092120000,0
22.872,1573092180000,0
22.829,1573092240000,0
22.941,1573092300000,0
22.971,1573092360000,0
23.011,1573092420000,0
22.971,1573092480000,0
23.099,1573092540000,0
22.955,1573092600000,0
22.856,1573092660000,0
22.912,1573092720000,0
23.112,1573092780000,0
23.085,1573092840000,0
22.984,1573092900000,0
23.067,1573092960000,0
23.053,1573093020000,0
23.053,1573093080000,0
23.011,1573093140000,0
22.955,1573093200000,0
22.941,1573093260000,0
22.955,1573093320000,0
22.984,1573093380000,0
22.928,1573093440000,0
22.912,1573093500000,0
22.955,1573093560000,0
23.182,1573093620000,0
23.182,1573093680000,0
23.125,1573093740000,0
23.224,1573093800000,0
23.141,1573093860000,0
23.04,1573093920000,0
23.112,1573093980000,0
23.168,1573094040000,0
23.31,1573094100000,0
23.28,1573094160000,0
23.182,1573094220000,0
23.31,1573094280000,0
23.352,1573094340000,0
23.238,1573094400000,0
23.267,1573094460000,0
23.31,1573094520000,0
22.773,1573094580000,0
22.984,1573094640000,0
22.786,1573094700000,0
22.773,1573094760000,0
22.631,1573094820000,0
22.674,1573094880000,0
22.661,1573094940000,0
22.687,1573095000000,0
22.674,1573095060000,0
22.605,1573095120000,0
22.605,1573095180000,0
22.605,1573095240000,0
22.631,1573095300000,0
22.549,1573095360000,0
22.605,1573095420000,0
22.549,1573095480000,0
22.434,1573095540000,0
22.493,1573095600000,0
22.631,1573095660000,0
22.533,1573095720000,0
22.618,1573095780000,0
22.533,1573095840000,0
22.474,1573095900000,0
22.549,1573095960000,0
22.618,1573096020000,0
22.631,1573096080000,0
22.674,1573096140000,0
22.605,1573096200000,0
22.605,1573096260000,0
22.562,1573096320000,0
22.674,1573096380000,0
22.687,1573096440000,0
22.76,1573096500000,0
22.674,1573096560000,0
22.575,1573096620000,0
22.493,1573096680000,0
22.605,1573096740000,0
22.533,1573096800000,0
22.605,1573096860000,0
22.631,1573096920000,0
22.941,1573096980000,0
22.773,1573097040000,0
22.589,1573097100000,0
22.717,1573097160000,0
22.661,1573097220000,0
22.575,1573097280000,0
22.549,1573097340000,0
22.631,1573097400000,0
22.674,1573097460000,0
22.575,1573097520000,0
22.704,1573097580000,0
22.829,1573097640000,0
22.575,1573097700000,0
22.519,1573097760000,0
22.506,1573097820000,0
22.533,1573097880000,0
22.687,1573097940000,0
22.773,1573098000000,0
22.744,1573098060000,0
22.717,1573098120000,0
22.704,1573098180000,0
22.647,1573098240000,0
22.605,1573098300000,0
22.631,1573098360000,0
22.704,1573098420000,0
22.829,1573098480000,0
22.872,1573098540000,0
22.856,1573098600000,0
22.674,1573098660000,0
22.575,1573098720000,0
22.493,1573098780000,0
22.362,1573098840000,0
22.404,1573098900000,0
22.404,1573098960000,0
22.306,1573099020000,0
22.236,1573099080000,0
22.378,1573099140000,0
22.434,1573099200000,0
22.418,1573099260000,0
22.167,1573099320000,0
22.207,1573099380000,0
22.306,1573099440000,0
22.335,1573099500000,0
22.434,1573099560000,0
22.474,1573099620000,0
22.605,1573099680000,0
22.717,1573099740000,0
22.647,1573099800000,0
22.605,1573099860000,0
22.562,1573099920000,0
22.461,1573099980000,0
22.378,1573100040000,0
22.095,1573100100000,0
22.055,1573100160000,0
22.167,1573100220000,0
22.236,1573100280000,0
22.137,1573100340000,0
22.193,1573100400000,0
22.193,1573100460000,0
22.193,1573100520000,0
22.025,1573100580000,0
22.151,1573100640000,0
22.137,1573100700000,0
21.983,1573100760000,0
22.095,1573100820000,0
22.012,1573100880000,0
22.068,1573100940000,0
21.942,1573101000000,0
21.913,1573101060000,0
21.854,1573101120000,0
21.446,1573101180000,0
21.854,1573101240000,0
21.999,1573101300000,0
22.151,1573101360000,0
22.095,1573101420000,0
21.756,1573101480000,0
21.884,1573101540000,0
21.812,1573101600000,0
21.713,1573101660000,0
21.489,1573101720000,0
21.574,1573101780000,0
21.713,1573101840000,0
21.742,1573101900000,0
21.9,1573101960000,0
21.63,1573102020000,0
21.699,1573102080000,0
21.769,1573102140000,0
21.884,1573102200000,0
21.518,1573102260000,0
20.995,1573102320000,0
20.797,1573102380000,0
19.921,1573102440000,0
20.121,1573102500000,0
20.023,1573102560000,0
20.052,1573102620000,0
20.207,1573102680000,0
20.164,1573102740000,0
20.108,1573102800000,0
20.065,1573102860000,0
19.908,1573102920000,0
19.739,1573102980000,0
19.878,1573103040000,0
19.937,1573103100000,0
19.865,1573103160000,0
19.908,1573103220000,0
19.921,1573103280000,0
19.852,1573103340000,0
19.921,1573103400000,0
19.852,1573103460000,0
19.822,1573103520000,0
19.878,1573103580000,0
19.894,1573103640000,0
19.782,1573103700000,0
19.766,1573103760000,0
19.865,1573103820000,0
19.739,1573103880000,0
19.614,1573103940000,0
